host,first_seen,last_seen
51.210.48.120,2023-01-09,2023-01-09
46.105.157.22,2023-01-10,2023-01-10
147.135.227.39,2023-01-11,2023-01-11
54.37.127.81,2023-01-11,2023-01-11
51.38.11.71,2023-01-20,2023-01-20
178.32.18.109,2023-01-21,2023-01-21
51.210.75.176,2023-01-21,2023-01-21
137.74.111.15,2023-01-21,2023-01-21
137.74.111.12,2023-01-21,2023-01-21
46.105.133.157,2023-01-21,2023-01-21
51.75.238.223,2023-01-21,2023-01-21
51.210.75.178,2023-01-21,2023-01-21
51.210.141.247,2023-01-21,2023-01-21
54.36.12.135,2023-01-21,2023-01-21
37.59.221.215,2023-01-22,2023-01-22
51.210.85.69,2023-01-22,2023-01-22
46.105.175.97,2023-01-22,2023-01-22
5.196.39.136,2023-01-22,2023-01-22
51.77.2.176,2023-01-22,2023-01-22
178.32.18.111,2023-01-22,2023-01-22
5.196.203.52,2023-01-22,2023-01-22
51.210.85.71,2023-01-22,2023-01-22
46.105.157.20,2023-01-23,2023-01-23
51.77.24.186,2023-01-23,2023-01-23
147.135.227.38,2023-01-23,2023-01-23
51.91.41.82,2023-01-23,2023-01-23
46.105.157.21,2023-01-23,2023-01-23
46.105.175.99,2023-01-24,2023-01-24
217.182.215.61,2023-01-24,2023-01-24
193.70.117.132,2023-01-24,2023-01-24
178.32.18.110,2023-01-24,2023-01-24
51.75.105.196,2023-01-24,2023-01-24
5.196.203.55,2023-01-25,2023-01-25
51.75.105.199,2023-01-25,2023-01-25
51.75.238.222,2023-01-25,2023-01-25
188.165.174.191,2023-01-25,2023-01-25
51.210.48.121,2023-01-25,2023-01-25
5.196.121.237,2023-01-26,2023-01-26
51.91.41.83,2023-01-26,2023-01-26
51.210.85.70,2023-01-26,2023-01-26
51.77.24.187,2023-01-26,2023-01-26
51.210.75.177,2023-01-26,2023-01-26
51.210.48.122,2023-01-26,2023-01-26
5.196.51.216,2023-01-26,2023-01-26
5.196.51.217,2023-01-26,2023-01-26
46.105.133.158,2023-01-26,2023-01-26
92.222.215.157,2023-01-26,2023-01-26
92.222.215.156,2023-01-27,2023-01-27
54.36.12.134,2023-01-27,2023-01-27
37.59.155.74,2023-01-27,2023-01-27
51.75.105.198,2023-01-27,2023-01-27
51.38.11.70,2023-01-27,2023-01-27
51.77.2.178,2023-01-27,2023-01-27
5.196.247.103,2023-01-27,2023-01-27
51.210.133.159,2023-01-27,2023-01-27
5.135.200.3,2023-01-27,2023-01-27
5.196.121.238,2023-01-27,2023-01-27
51.75.238.221,2023-01-27,2023-01-27
193.70.117.134,2023-01-27,2023-01-27
217.182.215.60,2023-01-27,2023-01-27
51.254.163.103,2023-01-27,2023-01-27
46.105.133.159,2023-01-27,2023-01-27
46.105.175.96,2023-01-27,2023-01-27
5.135.200.1,2023-01-27,2023-01-28
92.222.215.159,2023-01-27,2023-01-28
51.210.133.158,2023-01-27,2023-01-28
92.222.215.158,2023-01-27,2023-01-28
193.70.117.133,2023-01-27,2023-01-28
37.59.221.213,2023-01-27,2023-01-28
37.59.221.212,2023-01-27,2023-01-28
51.210.48.123,2023-01-27,2023-01-28
147.135.227.36,2023-01-27,2023-01-28
51.210.141.246,2023-01-27,2023-01-28
51.254.163.102,2023-01-27,2023-01-28
5.196.39.139,2023-01-27,2023-01-29
46.105.157.23,2023-01-27,2023-01-29
5.196.203.53,2023-01-27,2023-01-29
51.77.2.177,2023-01-27,2023-01-29
51.210.75.179,2023-01-27,2023-01-30
51.75.105.197,2023-01-27,2023-01-30
5.196.247.100,2023-01-27,2023-01-30
46.105.175.98,2023-01-27,2023-01-30
46.105.133.156,2023-01-27,2023-01-30
5.196.51.219,2023-01-27,2023-01-30
37.59.155.73,2023-01-27,2023-01-30
178.32.18.108,2023-01-27,2023-01-30
51.77.2.179,2023-01-27,2023-01-30
5.196.39.137,2023-01-27,2023-01-30
37.59.155.72,2023-01-27,2023-01-30
51.210.85.68,2023-01-27,2023-01-30
51.210.133.156,2023-01-27,2023-01-30
5.196.247.102,2023-01-28,2023-01-28
5.196.121.236,2023-01-28,2023-01-28
91.134.163.215,2023-01-29,2023-01-29
151.80.212.175,2023-01-29,2023-01-29
5.135.58.210,2023-01-29,2023-01-29
217.182.215.63,2023-01-29,2023-01-29
94.23.188.133,2023-01-29,2023-01-29
5.196.51.218,2023-01-29,2023-01-29
5.196.247.101,2023-01-29,2023-01-29
178.33.218.0,2023-01-30,2023-01-30
91.121.248.184,2023-01-30,2023-01-30
54.36.12.133,2023-01-30,2023-01-30
51.38.161.89,2023-01-30,2023-01-30
146.59.170.243,2023-01-30,2023-01-30
178.32.6.0,2023-01-30,2023-01-30
51.91.171.98,2023-01-30,2023-01-30
51.254.235.12,2023-01-30,2023-01-30
92.222.110.192,2023-01-30,2023-01-30
51.178.13.188,2023-01-30,2023-01-30
51.178.13.189,2023-01-30,2023-01-30
51.91.200.23,2023-01-30,2023-01-30
51.38.8.78,2023-01-30,2023-01-30
51.210.141.245,2023-01-30,2023-01-30
54.36.87.145,2023-01-30,2023-01-30
51.38.161.91,2023-01-30,2023-01-30
51.38.193.161,2023-02-11,2023-02-11
137.74.153.16,2023-02-11,2023-02-11
51.38.245.170,2023-02-21,2023-02-21
37.59.183.214,2023-02-21,2023-02-21
151.80.121.120,2023-02-28,2023-02-28
178.33.193.213,2023-05-25,2023-05-25
137.74.35.129,2023-06-16,2023-06-16
151.80.210.175,2023-06-16,2023-06-16
178.32.79.32,2023-06-16,2023-06-16
5.196.140.160,2023-06-17,2023-06-17
91.121.224.70,2023-06-17,2023-06-17
151.80.176.89,2023-06-17,2023-06-17
51.254.157.219,2023-06-18,2023-06-18
147.135.202.194,2023-06-18,2023-06-18
151.80.210.173,2023-06-18,2023-06-18
91.134.110.155,2023-06-18,2023-06-18
217.182.223.192,2023-06-18,2023-06-18
94.23.97.77,2023-06-18,2023-06-19
176.31.18.233,2023-06-18,2023-06-19
37.59.254.159,2023-06-18,2023-06-19
94.23.177.162,2023-06-18,2023-06-19
178.33.137.196,2023-06-18,2023-06-19
147.135.202.193,2023-06-18,2023-06-20
91.134.110.152,2023-06-18,2023-06-20
54.37.208.39,2023-06-18,2023-06-20
46.105.231.145,2023-06-18,2023-06-21
37.59.166.253,2023-06-18,2023-06-21
37.59.166.255,2023-06-18,2023-06-22
94.23.177.161,2023-06-18,2023-06-23
176.31.72.56,2023-06-18,2023-06-23
51.255.146.87,2023-06-18,2023-06-24
178.33.30.0,2023-06-18,2023-06-24
51.38.161.72,2023-06-18,2023-06-24
176.31.51.1,2023-06-18,2023-06-24
176.31.72.58,2023-06-18,2023-06-24
91.121.224.68,2023-06-18,2023-06-25
51.255.146.85,2023-06-18,2023-06-25
5.196.206.44,2023-06-18,2023-06-25
5.196.143.213,2023-06-18,2023-06-26
176.31.84.54,2023-06-18,2023-06-26
5.135.113.65,2023-06-18,2023-06-26
94.23.97.78,2023-06-18,2023-06-27
37.59.254.158,2023-06-18,2023-06-27
5.196.36.118,2023-06-18,2023-06-27
5.196.36.119,2023-06-18,2023-06-27
54.36.44.154,2023-06-18,2023-06-27
151.80.209.72,2023-06-18,2023-06-27
151.80.250.202,2023-06-18,2023-06-27
178.33.137.198,2023-06-18,2023-06-28
178.32.10.52,2023-06-18,2023-06-28
5.135.22.252,2023-06-18,2023-06-28
137.74.35.131,2023-06-18,2023-06-28
91.134.110.154,2023-06-18,2023-06-28
54.37.208.38,2023-06-18,2023-06-28
51.38.241.215,2023-06-18,2023-06-29
176.31.141.25,2023-06-18,2023-06-29
164.132.5.136,2023-06-18,2023-06-29
178.32.145.234,2023-06-18,2023-06-29
51.38.161.74,2023-06-18,2023-06-29
54.36.44.152,2023-06-18,2023-06-29
176.31.84.53,2023-06-18,2023-06-29
5.39.126.159,2023-06-18,2023-06-30
5.196.196.147,2023-06-18,2023-06-30
147.135.202.195,2023-06-18,2023-06-30
151.80.176.90,2023-06-18,2023-06-30
79.137.111.118,2023-06-18,2023-06-30
188.165.166.155,2023-06-18,2023-06-30
164.132.5.137,2023-06-18,2023-06-30
178.33.66.173,2023-06-18,2023-06-30
91.134.234.108,2023-06-18,2023-06-30
137.74.35.128,2023-06-18,2023-06-30
178.32.79.35,2023-06-18,2023-06-30
46.105.251.13,2023-06-18,2023-06-30
176.31.138.28,2023-06-19,2023-06-19
94.23.97.79,2023-06-19,2023-06-19
51.254.104.64,2023-06-19,2023-06-19
51.254.104.65,2023-06-20,2023-06-20
5.196.143.214,2023-06-20,2023-06-20
176.31.207.21,2023-06-20,2023-06-20
176.31.138.31,2023-06-20,2023-06-20
178.33.66.172,2023-06-20,2023-06-20
5.135.113.66,2023-06-20,2023-06-20
145.239.105.86,2023-06-21,2023-06-21
178.32.10.53,2023-06-21,2023-06-21
137.74.229.220,2023-06-21,2023-06-21
137.74.229.221,2023-06-21,2023-06-21
51.255.21.209,2023-06-21,2023-06-21
188.165.120.20,2023-06-21,2023-06-21
176.31.207.20,2023-06-21,2023-06-21
5.196.140.163,2023-06-21,2023-06-22
94.23.178.164,2023-06-21,2023-06-23
51.255.21.211,2023-06-21,2023-06-23
5.135.254.239,2023-06-21,2023-06-23
178.33.66.175,2023-06-21,2023-06-23
54.36.28.69,2023-06-21,2023-06-23
147.135.154.26,2023-06-21,2023-06-23
176.31.84.52,2023-06-21,2023-06-24
5.39.9.226,2023-06-21,2023-06-24
51.38.241.213,2023-06-21,2023-06-25
188.165.120.23,2023-06-21,2023-06-25
91.134.169.6,2023-06-21,2023-06-25
91.134.234.109,2023-06-21,2023-06-25
188.165.166.153,2023-06-21,2023-06-26
178.33.66.174,2023-06-21,2023-06-26
151.80.210.172,2023-06-21,2023-06-26
5.196.36.116,2023-06-21,2023-06-26
51.38.161.75,2023-06-21,2023-06-26
5.135.113.64,2023-06-21,2023-06-27
51.254.50.26,2023-06-21,2023-06-27
176.31.18.234,2023-06-21,2023-06-27
147.135.154.24,2023-06-21,2023-06-28
79.137.111.117,2023-06-21,2023-06-28
5.196.143.212,2023-06-21,2023-06-28
5.135.254.238,2023-06-21,2023-06-28
164.132.185.254,2023-06-21,2023-06-28
176.31.138.29,2023-06-21,2023-06-28
147.135.154.25,2023-06-21,2023-06-28
51.254.104.66,2023-06-21,2023-06-29
51.254.104.67,2023-06-21,2023-06-29
51.255.103.9,2023-06-21,2023-06-29
51.254.157.218,2023-06-21,2023-06-29
37.59.166.254,2023-06-21,2023-06-29
51.254.50.27,2023-06-21,2023-06-29
51.255.127.18,2023-06-21,2023-06-29
5.39.126.156,2023-06-21,2023-06-29
213.32.35.17,2023-06-21,2023-06-29
164.132.5.138,2023-06-21,2023-06-30
46.105.231.146,2023-06-21,2023-06-30
46.105.231.147,2023-06-22,2023-06-22
54.37.208.37,2023-06-22,2023-06-22
147.135.202.192,2023-06-22,2023-06-22
176.31.72.59,2023-06-22,2023-06-22
5.39.9.224,2023-06-22,2023-06-22
94.23.178.165,2023-06-22,2023-06-22
151.80.209.75,2023-06-22,2023-06-23
164.132.5.139,2023-06-22,2023-06-24
91.134.169.7,2023-06-22,2023-06-26
5.39.126.158,2023-06-22,2023-06-26
178.33.1.55,2023-06-22,2023-06-26
91.121.224.71,2023-06-22,2023-06-26
46.105.251.12,2023-06-22,2023-06-26
178.32.145.232,2023-06-22,2023-06-26
51.254.157.216,2023-06-22,2023-06-27
164.132.185.255,2023-06-22,2023-06-27
178.32.10.54,2023-06-22,2023-06-27
137.74.35.130,2023-06-22,2023-06-28
37.59.166.252,2023-06-22,2023-06-28
5.196.206.46,2023-06-22,2023-06-29
51.38.161.73,2023-06-22,2023-06-29
51.255.103.10,2023-06-22,2023-06-30
151.80.176.91,2023-06-23,2023-06-23
94.23.177.163,2023-06-23,2023-06-23
5.196.36.117,2023-06-23,2023-06-23
176.31.18.235,2023-06-23,2023-06-23
178.33.30.1,2023-06-23,2023-06-24
46.105.251.15,2023-06-23,2023-06-27
178.33.30.3,2023-06-23,2023-06-28
79.137.111.119,2023-06-23,2023-06-30
5.196.140.162,2023-06-23,2023-06-30
54.36.44.153,2023-06-23,2023-06-30
91.134.169.5,2023-06-23,2023-06-30
5.135.254.237,2023-06-24,2023-06-24
178.33.1.54,2023-06-24,2023-06-24
91.134.169.4,2023-06-24,2023-06-24
137.74.229.222,2023-06-24,2023-06-24
5.135.22.253,2023-06-24,2023-06-24
5.135.22.254,2023-06-24,2023-06-25
51.38.241.214,2023-06-24,2023-06-26
5.135.22.255,2023-06-24,2023-06-26
5.196.143.215,2023-06-24,2023-06-28
137.74.229.223,2023-06-24,2023-06-29
91.134.234.110,2023-06-24,2023-06-30
54.36.44.155,2023-06-25,2023-06-25
51.255.146.84,2023-06-25,2023-06-25
149.202.148.104,2023-06-25,2023-06-25
176.31.207.22,2023-06-25,2023-06-25
176.31.84.55,2023-06-25,2023-06-27
46.105.231.144,2023-06-25,2023-06-29
164.132.185.253,2023-06-25,2023-06-29
176.31.51.3,2023-06-25,2023-06-30
178.33.1.52,2023-06-25,2023-06-30
188.165.120.21,2023-06-26,2023-06-26
46.105.251.14,2023-06-26,2023-06-26
176.31.72.57,2023-06-26,2023-06-26
178.33.137.199,2023-06-26,2023-06-26
51.255.127.16,2023-06-26,2023-06-26
91.134.110.153,2023-06-26,2023-06-26
188.165.166.152,2023-06-26,2023-06-26
94.23.97.76,2023-06-26,2023-06-26
5.135.113.67,2023-06-26,2023-06-26
51.255.127.19,2023-06-26,2023-06-28
178.33.30.2,2023-06-26,2023-06-28
176.31.141.26,2023-06-26,2023-06-30
176.31.18.232,2023-06-26,2023-06-30
5.196.196.145,2023-06-27,2023-06-27
5.39.9.227,2023-06-27,2023-06-27
178.33.137.197,2023-06-27,2023-06-27
51.254.50.24,2023-06-27,2023-06-27
178.32.79.33,2023-06-27,2023-06-27
178.32.145.233,2023-06-27,2023-06-27
178.33.1.53,2023-06-27,2023-06-27
5.196.196.146,2023-06-27,2023-06-28
37.59.254.156,2023-06-27,2023-06-29
176.31.141.24,2023-06-27,2023-06-29
145.239.105.85,2023-06-27,2023-06-29
147.135.154.27,2023-06-27,2023-06-30
54.36.28.68,2023-06-28,2023-06-28
5.39.126.157,2023-06-28,2023-06-28
217.182.223.193,2023-06-28,2023-06-28
213.32.35.16,2023-06-28,2023-06-28
94.23.178.167,2023-06-29,2023-06-29
151.80.210.174,2023-06-29,2023-06-29
188.165.120.22,2023-06-29,2023-06-30
37.59.254.157,2023-06-30,2023-06-30
5.196.206.45,2023-06-30,2023-06-30
51.255.103.8,2023-06-30,2023-06-30
176.31.51.2,2023-06-30,2023-06-30
149.202.148.107,2023-06-30,2023-06-30
178.32.249.136,2023-07-04,2023-07-04
149.202.159.35,2023-07-04,2023-07-04
54.36.72.90,2023-07-04,2023-07-04
178.33.13.36,2023-07-04,2023-07-04
91.134.191.114,2023-07-04,2023-07-04
193.70.109.7,2023-07-04,2023-07-04
54.37.190.123,2023-07-04,2023-07-04
51.38.175.142,2023-07-04,2023-07-07
188.165.118.44,2023-07-04,2023-07-07
51.254.246.201,2023-07-04,2023-07-07
51.210.69.153,2023-07-04,2023-07-08
91.121.253.152,2023-07-04,2023-07-08
137.74.218.206,2023-07-04,2023-07-09
54.37.190.121,2023-07-04,2023-07-09
164.132.117.165,2023-07-04,2023-07-09
137.74.151.75,2023-07-05,2023-07-05
217.182.58.187,2023-07-05,2023-07-05
51.255.102.108,2023-07-05,2023-07-05
164.132.31.10,2023-07-05,2023-07-05
5.196.215.80,2023-07-05,2023-07-05
54.37.215.50,2023-07-05,2023-07-05
164.132.94.14,2023-07-05,2023-07-05
5.39.52.138,2023-07-05,2023-07-05
54.38.11.137,2023-07-05,2023-07-05
145.239.228.151,2023-07-05,2023-07-05
51.254.246.203,2023-07-05,2023-07-05
51.210.71.149,2023-07-05,2023-07-05
164.132.31.9,2023-07-05,2023-07-05
137.74.10.49,2023-07-05,2023-07-06
51.255.212.99,2023-07-05,2023-07-06
51.38.164.91,2023-07-05,2023-07-07
37.59.196.219,2023-07-05,2023-07-07
137.74.223.55,2023-07-05,2023-07-07
149.202.159.33,2023-07-05,2023-07-07
92.222.136.221,2023-07-05,2023-07-07
178.33.139.211,2023-07-05,2023-07-07
188.165.118.45,2023-07-05,2023-07-07
5.135.206.15,2023-07-05,2023-07-07
37.59.240.15,2023-07-05,2023-07-07
137.74.218.205,2023-07-05,2023-07-08
92.222.193.29,2023-07-05,2023-07-08
51.210.166.238,2023-07-05,2023-07-08
94.23.186.196,2023-07-05,2023-07-08
5.135.206.14,2023-07-05,2023-07-08
91.134.191.115,2023-07-05,2023-07-08
178.32.249.139,2023-07-05,2023-07-08
51.38.163.222,2023-07-05,2023-07-08
178.32.249.138,2023-07-05,2023-07-08
217.182.58.186,2023-07-05,2023-07-09
176.31.70.41,2023-07-05,2023-07-09
151.80.251.63,2023-07-05,2023-07-09
176.31.37.17,2023-07-06,2023-07-06
79.137.44.48,2023-07-06,2023-07-06
178.32.131.38,2023-07-06,2023-07-06
149.202.159.34,2023-07-06,2023-07-06
137.74.223.54,2023-07-06,2023-07-06
51.210.69.152,2023-07-06,2023-07-06
193.70.109.6,2023-07-06,2023-07-06
217.182.221.58,2023-07-06,2023-07-06
178.33.139.210,2023-07-06,2023-07-06
37.59.196.218,2023-07-06,2023-07-06
178.33.187.87,2023-07-06,2023-07-06
178.32.231.248,2023-07-06,2023-07-06
46.105.142.54,2023-07-06,2023-07-06
54.37.109.76,2023-07-06,2023-07-06
137.74.223.53,2023-07-06,2023-07-06
51.38.163.221,2023-07-06,2023-07-07
178.33.26.245,2023-07-06,2023-07-07
46.105.163.88,2023-07-06,2023-07-07
46.105.163.90,2023-07-06,2023-07-07
178.32.231.250,2023-07-06,2023-07-08
54.37.49.73,2023-07-06,2023-07-09
213.32.126.201,2023-07-06,2023-07-09
92.222.136.222,2023-07-06,2023-07-09
51.210.166.239,2023-07-07,2023-07-07
51.38.163.223,2023-07-07,2023-07-07
54.36.138.251,2023-07-07,2023-07-07
51.210.166.236,2023-07-07,2023-07-07
51.38.163.220,2023-07-07,2023-07-07
92.222.136.223,2023-07-07,2023-07-07
178.33.26.246,2023-07-07,2023-07-07
54.37.109.79,2023-07-07,2023-07-07
54.37.190.122,2023-07-07,2023-07-07
51.254.158.124,2023-07-07,2023-07-07
51.75.239.98,2023-07-07,2023-07-07
176.31.4.45,2023-07-07,2023-07-07
54.36.138.250,2023-07-07,2023-07-07
137.74.221.102,2023-07-07,2023-07-07
178.33.26.244,2023-07-07,2023-07-07
178.32.231.251,2023-07-07,2023-07-07
51.38.175.141,2023-07-07,2023-07-07
54.37.49.75,2023-07-07,2023-07-07
54.36.138.249,2023-07-07,2023-07-07
178.33.187.86,2023-07-07,2023-07-07
137.74.221.100,2023-07-07,2023-07-07
151.80.251.60,2023-07-07,2023-07-07
54.36.0.213,2023-07-07,2023-07-07
79.137.44.51,2023-07-07,2023-07-07
5.39.52.137,2023-07-07,2023-07-07
178.33.13.38,2023-07-07,2023-07-07
51.254.158.125,2023-07-07,2023-07-07
54.37.215.48,2023-07-07,2023-07-07
213.32.126.203,2023-07-07,2023-07-08
51.210.69.154,2023-07-07,2023-07-08
178.33.139.208,2023-07-07,2023-07-08
37.59.196.217,2023-07-07,2023-07-08
37.59.149.113,2023-07-07,2023-07-08
51.38.175.143,2023-07-07,2023-07-08
164.132.117.164,2023-07-07,2023-07-08
178.32.231.249,2023-07-07,2023-07-09
92.222.136.220,2023-07-07,2023-07-09
164.132.117.167,2023-07-07,2023-07-09
178.33.26.247,2023-07-07,2023-07-09
149.202.159.32,2023-07-08,2023-07-08
51.210.71.151,2023-07-08,2023-07-08
137.74.10.50,2023-07-08,2023-07-08
178.33.139.209,2023-07-08,2023-07-08
178.33.187.85,2023-07-08,2023-07-08
164.132.94.15,2023-07-08,2023-07-08
37.59.149.114,2023-07-08,2023-07-08
164.132.31.8,2023-07-08,2023-07-08
51.255.1.78,2023-07-08,2023-07-08
51.254.246.202,2023-07-08,2023-07-08
217.182.221.59,2023-07-08,2023-07-08
137.74.218.207,2023-07-08,2023-07-08
54.36.0.215,2023-07-08,2023-07-08
176.31.70.42,2023-07-08,2023-07-08
5.196.215.81,2023-07-08,2023-07-08
54.36.0.212,2023-07-08,2023-07-09
176.31.11.163,2023-07-08,2023-07-09
164.132.117.166,2023-07-08,2023-07-09
178.32.131.39,2023-07-09,2023-07-09
5.135.206.13,2023-07-09,2023-07-09
94.23.186.197,2023-07-09,2023-07-09
5.135.206.12,2023-07-09,2023-07-09
94.23.186.199,2023-07-09,2023-07-09
37.59.196.216,2023-07-09,2023-07-09
51.38.164.89,2023-07-09,2023-07-09
51.254.246.200,2023-07-09,2023-07-09
51.255.1.76,2023-07-09,2023-07-09
213.32.126.202,2023-07-09,2023-07-09
217.182.58.185,2023-07-09,2023-07-09
137.74.218.204,2023-07-09,2023-07-09
94.23.186.198,2023-07-09,2023-07-09
54.37.49.74,2023-07-09,2023-07-09
